excludedGroup;Estimate
0;0.44926168190079
0;5.57416638844378
0;0.89461091729591
0;-1.6728319775285
0;0.11583637118213
0;-3.1780844897771
0;-5.3474335259004
0;-4.0702316620399
0;-2.4511281559602
0;0.10122140464321
0;-0.0179740510994
0;0.0738395558958
0;0.01314703855384
0;0.0199535410483
0;-0.5346473199934
0;0.99753385663947
0;-0.1446599534091
0;-1.1736523318462
0;0.35545773074059
0;-1.4032160999233
0;0.80399661322659
0;1.55695453864521
