excludedGroup,Estimate
0,-0.4663144601613
0,0.23715981388066
