"var1","var2","var3","var4"
0.000620309892779886,-1.49705825710571e-05,-2.08326287816542e-05,2.64704151237509e-07
-1.49705825710571e-05,1.30009144807125e-06,-6.13522221085443e-08,9.89240938013656e-10
-2.08326287816542e-05,-6.13522221085443e-08,1.59514718680595e-06,-2.29994622315293e-08
2.64704151237509e-07,9.89240938013656e-10,-2.29994622315293e-08,3.6492994886212e-10
