excludedGroup,param
0,0.05187934463497
0,-0.0094407844852
0,0.00208975976791
