"var1","var2","var3","var4","var5"
0.000669501290427353,-1.16296786503548e-05,-5.91197585618578e-06,-2.36325646622695e-05,2.38176499457257e-07
-1.16296786503548e-05,1.08079113719994e-06,-7.10876502909299e-07,5.29329032705565e-07,-1.04521048715127e-09
-5.91197585618578e-06,-7.10876502909299e-07,1.71032588138771e-06,-4.10479608454095e-07,1.58659544550999e-09
-2.36325646622695e-05,5.29329032705565e-07,-4.10479608454095e-07,1.64428465799894e-06,-2.04388432791659e-08
2.38176499457257e-07,-1.04521048715127e-09,1.58659544550999e-09,-2.04388432791659e-08,3.17896285260427e-10
