"excludedGroup";"estimate"
0;0.02736581
0;0.0291825
0;0.04575675
