Ownership;Pred;Lower95;Upper95
Public;0.42322497832889394;0.3951430228000239;0.4517996279096722
Private;0.2912711968653658;0.26751628737015865;0.316368453194837
