Ownership;Pred;Lower95;Upper95
Private;0.2787620854501521;0.2552218489480217;0.3031692101860215
Public;0.46223138009177284;0.4332480060751639;0.49129346746335667
