Ownership;Pred;Lower95;Upper95
Public;0.5427033135342767;0.5102209421246862;0.5762337306159584
Private;0.38717991314433975;0.35545687781619073;0.4185758793523897
