Ownership;Pred;Lower95;Upper95
Public;0.5429012451639311;0.5105257292957008;0.5759584433852594
Private;0.3870703106899302;0.3557706439975311;0.419373675441019
