Intervention;Pred;Lower95;Upper95
true;0.5127737289026172;0.48135388077617136;0.5443791634495663
false;0.38714445042514434;0.36113694318505685;0.4140265092777443
