Intervention;Pred;Lower95;Upper95
true;0.3870771395248596;0.35570148178813743;0.4194387229803985
false;0.2911175437762439;0.26679405950662827;0.3164094109124743
