Intervention;Pred;Lower95;Upper95
true;0.38727084016685476;0.3565535206326179;0.4195414260140794
false;0.29126423226523745;0.2675529033533238;0.31662132731454196
