Intervention;Pred;Lower95;Upper95
true;0.3870606725992077;0.3556936725316391;0.41917331140753
false;0.29106595283932496;0.2669314712633969;0.3159760352814722
