Intervention;Pred;Lower95;Upper95
true;0.2913595918827338;0.2647994945271481;0.3191965544976103
false;0.20893335303185318;0.18947024041364724;0.22896217416418285
