Intervention;Pred;Lower95;Upper95
true;0.4441150645819951;0.4070490638769251;0.4807211910805337
false;0.2788419026284572;0.2547015226890631;0.30358205690314766
