Intervention;Pred;Lower95;Upper95
true;0.5063507565095148;0.474755335531554;0.5380625810012327
false;0.38142021910646656;0.35558438085050015;0.40787019632018384
