Year;Pred;Lower95;Upper95
2012;0.05933572960256521;0.05255125995611121;0.06658434850675099
2013;0.13413852994216216;0.12336184241773107;0.1456901661592066
2014;0.24955099974425932;0.22750188150405226;0.27360868166920704
2015;0.34145850141458284;0.3087139406812106;0.3768184718836367
2016;0.4155715224529466;0.3767252215371283;0.4567991861004246
