Year;Pred;Lower95;Upper95
2012;0.031990241976873016;0.028679216975969313;0.03559410878751579
2013;0.06866917903554194;0.06219878294764358;0.07554964360730498
2014;0.10535677544958864;0.09552456705600254;0.11583392622913136
2015;0.13610720830365172;0.12361251326261957;0.14920289893538596
2016;0.16443046667819985;0.14975546365916814;0.17992981179547485
