Year;Pred;Lower95;Upper95
2006;0.04692412872497138;0.04233930699723332;0.05194263630748874
2007;0.09944497094196644;0.09007040567807245;0.10973057001481679
2008;0.13813382599201032;0.12533988923118644;0.15197902816814202
2009;0.17976093015705588;0.16351720772361011;0.19727680557019067
2010;0.22765847214327814;0.2077471274869923;0.24920187325165322
