Year;Pred;Lower95;Upper95
2006;0.03264227782431903;0.027891711079268133;0.03807912817095027
2007;0.08065975553346878;0.06986004758205278;0.09264913923124807
2008;0.1254562881366358;0.10910105877631116;0.14356337049526513
2009;0.1525977843556146;0.13291361793963907;0.17423500781745216
2010;0.18145275177493672;0.15835653860041954;0.20686543144700675
