Year;Pred;Lower95;Upper95
2012;0.024542863251995905;0.021158124841792136;0.02823481673420014
2013;0.05254126944709432;0.04549350332609903;0.06011786858809787
2014;0.08630691128800452;0.07518112067462612;0.09831793492540242
2015;0.12661222314316448;0.1103058674606947;0.14415750990029297
2016;0.17532419058058132;0.15203722477942827;0.2002229901379866
