Year;Pred;Lower95;Upper95
2012;0.0448647331638893;0.04081739617593427;0.04914553357969409
2013;0.10339201361516269;0.09456631650986069;0.1127557394645411
2014;0.1771421683380561;0.1613576041455156;0.19392736650611742
2015;0.2330336484295396;0.21275457312481283;0.2544222986644721
2016;0.27863379718909714;0.2554396100288444;0.3031295394451743
