Year;Pred;Lower95;Upper95
2006;0.10418734997989366;0.09574529473693505;0.11314928877838715
2007;0.2172313681133841;0.2007294035146746;0.23431872573041157
2008;0.2919802881741322;0.2708938640578553;0.31377090522586126
2009;0.3396084425676009;0.3157081796001876;0.36439118305030327
2010;0.38843681340035535;0.3617158827431579;0.4162144798764037
