Year;Pred;Lower95;Upper95
2012;0.07843571712897349;0.07152538799201047;0.08590478363295317
2013;0.18642603967470875;0.17221748993807917;0.20152076074173542
2014;0.3757938868921566;0.3472359197699191;0.4061391299924656
2015;0.5060216753494235;0.4700916418115719;0.5437721085105758
2016;0.598273174028142;0.5599016136811332;0.6379368751422421
