Year;Pred;Lower95;Upper95
2006;0.030047633902834357;0.026916143339730136;0.03345092077850775
2007;0.06258453578622016;0.05645128261848409;0.06916140585449204
2008;0.08910828445114365;0.08027913174193158;0.09859470028039152
2009;0.11702348861920832;0.10559218253482128;0.1292824836228058
2010;0.14784941282671818;0.13393864040902492;0.16266286983163847
