Year;Pred;Lower95;Upper95
2006;0.03371182230567096;0.030433837791962848;0.037280609821311095
2007;0.07103435861166012;0.06431877427240074;0.07831393343079085
2008;0.10115378301651683;0.0918177818707786;0.11131786897938734
2009;0.1308644853826284;0.11897261196399989;0.14378212200319196
2010;0.16575946274090558;0.1508846695169931;0.18159985322985317
