Year;Pred;Lower95;Upper95
2006;0.023032678757199034;0.019700099968403828;0.026734176239786023
2007;0.05738459631931261;0.04971509562776655;0.06565657199556107
2008;0.08991709462298804;0.07807162050965422;0.10262942923783336
2009;0.10984390048890251;0.09549385543963385;0.12525080687591916
2010;0.13124563805234715;0.114311777293429;0.14947450317487476
