Year;Pred;Lower95;Upper95
2006;0.04463149961489458;0.04034598354851571;0.049323591538456335
2007;0.0956454552465055;0.08675833342794403;0.10542044186049937
2008;0.13222578957815515;0.12017471128731982;0.14538505620241093
2009;0.1722269992854781;0.15687971568112336;0.1889022121359928
2010;0.219381918650532;0.2003682095108812;0.2400659328371405
