Year;Pred;Lower95;Upper95
2006;0.06609417934015953;0.0605324464458914;0.07188786796209923
2007;0.13787230521120084;0.12746625638626496;0.1486428028947402
2008;0.1911057260262432;0.17677692295874992;0.20589647199461114
2009;0.22917422850672697;0.21072129125743244;0.24799991112966158
2010;0.26819020105272273;0.2459341678355057;0.2912884285040117
