Year;Pred;Lower95;Upper95
2012;0.05310946506275881;0.04791402190549365;0.05866337513536324
2013;0.11769484781373413;0.1066250264843348;0.12928774048761393
2014;0.18140505364090373;0.1648610626334286;0.19890129346603458
2015;0.2297595406736597;0.20949617230987327;0.2509399223256241
2016;0.2721807456351134;0.24886245339589952;0.2963583635198316
