Year;Pred;Lower95;Upper95
2006;0.03191024820936648;0.028722107726144253;0.03533364894792268
2007;0.06719507241464001;0.0607903767028769;0.07404666123119308
2008;0.09584865873476656;0.08684548945512804;0.10546459799767804
2009;0.12415069366377852;0.11253941637360965;0.13653798587657306
2010;0.15730517819278936;0.14297556197973071;0.17249842799250092
