Year;Pred;Lower95;Upper95
2012;0.12849423087378545;0.11764403022035441;0.14011351882284728
2013;0.2739535948720544;0.2522773268573326;0.2963919114322784
2014;0.40247200106918185;0.3729002316161505;0.4325544115355011
2015;0.48827892984994253;0.4553249552499411;0.5212684477052536
2016;0.5565477537500073;0.5220039471466951;0.5906918792025033
