Year;Pred;Lower95;Upper95
2012;0.049921265959592745;0.045193207295247007;0.054979671051944234
2013;0.11236162197968178;0.10210234221094161;0.12346802840013626
2014;0.1744697073936357;0.15892158036716364;0.19129710946716905
2015;0.22079611789528558;0.20171296493971747;0.24135542484332717
2016;0.2612851376667467;0.239390565044581;0.28472839095658786
