Year;Pred;Lower95;Upper95
2012;0.02568327184004707;0.022109272127409985;0.029535934345455095
2013;0.0549865091946725;0.04757782389357701;0.06293322841663496
2014;0.09033776328095783;0.07836851838090308;0.1032175072084004
2015;0.13252835085918185;0.11486967765378664;0.1512108601037866
2016;0.1834857351956504;0.158244802768997;0.21023552475157903
