Year;Pred;Lower95;Upper95
2006;0.05069644878307971;0.04519970036704013;0.05660827828092985
2007;0.10431145586245896;0.09384301744553236;0.11524752222740964
2008;0.14710878284657494;0.13228828628989142;0.16268327786268344
2009;0.19118270464474343;0.17238122798068245;0.21085272545024425
2010;0.23867860780069106;0.21653397018740572;0.2616459685807959
