Year;Pred;Lower95;Upper95
2006;0.06614972197293668;0.06052224530965511;0.0721003863028995
2007;0.1379480533198097;0.12732918817945393;0.1489374746516302
2008;0.1912331682757913;0.1765367328013112;0.20642235200246062
2009;0.2293687698901029;0.21081981007636097;0.24892885875648552
2010;0.26844096144268487;0.24602454352159442;0.2921836111680791
