Year;Pred;Lower95;Upper95
2012;0.02571697266508619;0.022141612893839646;0.029573845047456748
2013;0.05504774128113734;0.047648682203654036;0.06297932295082587
2014;0.09041496463569693;0.07861915449044121;0.10307879900953554
2015;0.1326051839680269;0.11521423347371829;0.15112512119264598
2016;0.18353792311434508;0.1585730135188369;0.20949505465947404
