Year;Pred;Lower95;Upper95
2012;0.05926909943761358;0.0525251592278303;0.06650921751904426
2013;0.13404872557515865;0.1232133929348217;0.14550396275042654
2014;0.24957375274440194;0.22754259459667747;0.2735547973879636
2015;0.3415412346568996;0.3089380025668613;0.37692685415843763
2016;0.41568118086764655;0.37664980164455975;0.4571364482546998
