Year;Pred;Lower95;Upper95
2006;0.06256306522963523;0.05688809561574237;0.06848128418153587
2007;0.14146410896030845;0.12770284904310114;0.15602703549356856
2008;0.1867951550017016;0.1700134034395403;0.204073110977815
2009;0.22212491314315908;0.20370812870657273;0.24113707440099885
2010;0.25873238144198385;0.23824163626069272;0.27979788644160974
