Year;Pred;Lower95;Upper95
2012;0.07131274975018934;0.0635220445609962;0.07961271872573883
2013;0.14944681195105095;0.13489181710324916;0.16478621831019602
2014;0.22375811732567555;0.2027935231776119;0.24546415107072317
2015;0.2831174131165992;0.2577511658425957;0.30909949097999
2016;0.3354540747839483;0.30666696303460783;0.3651408437271221
