Year;Pred;Lower95;Upper95
2006;0.042510223345599715;0.03783746697783241;0.047518969875350536
2007;0.08794567611439663;0.07908831203759503;0.09731917029030224
2008;0.12445167436034271;0.11176057989609645;0.13792082502461722
2009;0.16240690801861687;0.14617304643871165;0.17956321123272134
2010;0.20376535354230155;0.18430184259185312;0.224045212309832
