Year;Pred;Lower95;Upper95
2006;0.10697479454846516;0.09821786093427798;0.11627832187357512
2007;0.22287044395739997;0.20592995471442277;0.24063107492210445
2008;0.2990055806942536;0.2775079668103627;0.32152691470472283
2009;0.34722657550512687;0.3224417827368987;0.37291891164267654
2010;0.3966258596858705;0.36896271837762395;0.4251279556532265
