Year;Pred;Lower95;Upper95
2006;0.05956268796148045;0.054152844792528576;0.06530314430933182
2007;0.13478953234525057;0.12148847746563174;0.14890775442012538
2008;0.17832971677464549;0.16240946845404447;0.19512010006272174
2009;0.21239658836151631;0.19467374504223922;0.2309863482290465
2010;0.24774987466800621;0.22778904214780804;0.2686155536763494
