Year;Pred;Lower95;Upper95
2006;0.05955020355105318;0.05414504435838774;0.06522079982253015
2007;0.13478979563994586;0.12171217384392885;0.14889130227051284
2008;0.17831145788290764;0.16239962540602837;0.19505540612409333
2009;0.21235606876855428;0.19462432595920653;0.23074063966078429
2010;0.24769090388470555;0.22793845476299146;0.2681977140681685
