Year;Pred;Lower95;Upper95
2012;0.02833243621563617;0.025341824791157985;0.031599116807748406
2013;0.06129970402226866;0.055415685708012585;0.06764301438128073
2014;0.09468166086814016;0.08553025612337428;0.10467107325923675
2015;0.12305327745753196;0.11143900899989923;0.13556238696714829
2016;0.14973110310793425;0.13599134053898299;0.16455987091638435
