Year;Pred;Lower95;Upper95
2006;0.12420710500000792;0.11447904302289269;0.1347373123740312
2007;0.26424303102898294;0.24279665854277532;0.2870629587423733
2008;0.3432282037901918;0.3186882344406953;0.3690934728346891
2009;0.40281900757092426;0.3767697462735431;0.43032925474513894
2010;0.460868687576024;0.4331948776202097;0.4901779158241285
