Year;Pred;Lower95;Upper95
2012;0.09735070722965947;0.08976979882390923;0.10549922494990005
2013;0.21242562154307867;0.19715354005546593;0.22894538781272034
2014;0.3416210793678697;0.3175823816406177;0.3680845925333396
2015;0.43329411675691276;0.404768853363472;0.4643611654043849
2016;0.5036541843304263;0.47308721662298836;0.5367039675324505
