Year;Pred;Lower95;Upper95
2012;0.09468430920075954;0.08716699897109548;0.10277315108611185
2013;0.21213015045804343;0.1969661885783679;0.22824781154283413
2014;0.3491860697911218;0.3242927539021998;0.37535199078733505
2015;0.44276233111620605;0.4133773412236468;0.4734661728985242
2016;0.5128664629468974;0.4815539521752279;0.545182962790454
