Year;Pred;Lower95;Upper95
2006;0.15376667136071567;0.1392938544359862;0.16892835170091303
2007;0.3044180259685236;0.279580807193607;0.3304295439966233
2008;0.40441799882121077;0.37329365818044036;0.43634406042247864
2009;0.46986726116535105;0.43338608117662825;0.5063198151837058
2010;0.5324597079225912;0.4914807251264195;0.5727075308971593
