Year;Pred;Lower95;Upper95
2006;0.05872991229923765;0.05286182165133135;0.0652407305403212
2007;0.12605808510798303;0.11377396452678135;0.1393904515820028
2008;0.17454237277103052;0.1581826114845264;0.19233217345688125
2009;0.22164303651844855;0.20141621371462126;0.2437895178300299
2010;0.28050100574058245;0.25568990900782396;0.3069577988714425
