Year;Pred;Lower95;Upper95
2012;0.06634612445877637;0.06010028595837558;0.07318819388398856
2013;0.15075153324900434;0.13750732052951253;0.1650493155219186
2014;0.2534209376298262;0.2309342243186503;0.2777351092418088
2015;0.32813460389178833;0.3002423082956245;0.3580249310032144
2016;0.3870644083307944;0.35595143260401696;0.4200919689385071
