Year;Pred;Lower95;Upper95
2006;0.11028939471466409;0.10067041911653707;0.12053584144088403
2007;0.22414408954928583;0.2068395423457875;0.24229045222111023
2008;0.3041218653043339;0.28142256853584924;0.3277683506965785
2009;0.35888246653224504;0.3312557063233087;0.3877079220502513
2010;0.4131143347749073;0.38088317087907375;0.44654246143379583
