Year;Pred;Lower95;Upper95
2006;0.13669068687116337;0.12585423853951172;0.14829184271391782
2007;0.2931135489051263;0.268981408885718;0.31860552758790894
2008;0.3751761211666436;0.34839413229063176;0.4034770644490173
2009;0.4352347894637047;0.40723727581196933;0.46440865744727555
2010;0.49388779209233563;0.4645363196738235;0.5242372454302742
