Year;Pred;Lower95;Upper95
2006;0.03611442057583801;0.030985481321688213;0.041908812060208134
2007;0.08655542764804725;0.07523319845690035;0.09925122388990382
2008;0.13357721806707915;0.11629306111578319;0.15256138871626956
2009;0.16349608873348329;0.142973829187669;0.18635163228571539
2010;0.19485181909077462;0.17069220680570862;0.22154182717243687
