Year;Pred;Lower95;Upper95
2006;0.05170049900659232;0.043684293061177826;0.060563119125983
2007;0.12585884431539976;0.10811218237436648;0.14502009566231955
2008;0.1929668297284282;0.16674498836455143;0.2208422346286011
2009;0.23263183801865991;0.20162285287779058;0.2654561362019078
2010;0.27396870512953914;0.23836184349538092;0.3115818624922839
