Year;Pred;Lower95;Upper95
2012;0.054343492426810906;0.048803642771961475;0.0604307631077754
2013;0.12004519547114842;0.10833461333036698;0.13281603786234608
2014;0.18470018893829138;0.16710141033830384;0.20372186743351606
2015;0.23388102258541812;0.2123217353060255;0.25705437883764104
2016;0.27702315060164634;0.2523678114871333;0.30348191558599924
