Year;Pred;Lower95;Upper95
2006;0.12261308866459608;0.11272855409787497;0.1329448824090962
2007;0.26321838893272037;0.24158347124511848;0.2859039263095279
2008;0.340611078879214;0.3157525752395377;0.3663771283759393
2009;0.3985520666819728;0.371859177784829;0.4257466035532149
2010;0.4554129192818896;0.4271128976614028;0.48437472829440664
