Year;Pred;Lower95;Upper95
2006;0.05949101237697943;0.05404879869832002;0.06537530146860915
2007;0.13467553021442807;0.12151788819079079;0.14884521526720473
2008;0.17815476889323056;0.16239416861730882;0.19527051906314774
2009;0.21216409862070892;0.19435947567008638;0.23124753445311685
2010;0.24746584047233525;0.22750609313807357;0.26861251873700964
