Year;Pred;Lower95;Upper95
2006;0.12235883353652524;0.11276617473321915;0.13281040320568727
2007;0.26283980974491494;0.24186113819120714;0.2853528475417597
2008;0.34007340848368517;0.3158737122818486;0.3658119330971341
2009;0.3978786649008566;0.37195696780175624;0.4254229254967026
2010;0.45463749412792687;0.42694804520040985;0.48383048676400187
