Year;Pred;Lower95;Upper95
2006;0.05741658415872554;0.05178153107340322;0.06349226008124931
2007;0.12356438472697273;0.11159560662053325;0.13625428639847026
2008;0.17105347319604977;0.15514763212973004;0.18799209137275874
2009;0.21727464148287168;0.1976662841864949;0.23801017207381325
2010;0.2754050943019791;0.25115660810025575;0.30079763136036963
