Year;Pred;Lower95;Upper95
2006;0.06251909329721024;0.056886761900276084;0.06866551821535383
2007;0.1413305096759947;0.12720893892409357;0.15596440318311433
2008;0.18664860834314712;0.16982320629543712;0.20437184865691016
2009;0.22198001920012614;0.2036726089053683;0.2417046617534121
2010;0.2585846157386523;0.2380893671198694;0.280449069381264
