Year;Pred;Lower95;Upper95
2012;0.02454628812310568;0.021131204453735508;0.028286061148741992
2013;0.05254263579775304;0.04545576336950452;0.06027584607655878
2014;0.086295734070544;0.0750941964041616;0.09848082910153877
2015;0.12657426808178815;0.11006273230253527;0.1444635273561079
2016;0.1752385415425281;0.1517671651447433;0.20040667887798036
