Year;Pred;Lower95;Upper95
2012;0.030302773445170857;0.027098611657294103;0.033722014860352645
2013;0.06497800557041696;0.058801521742227636;0.07154612362439361
2014;0.09970915075192177;0.09029240415277118;0.1096917844243297
2015;0.1289750419628399;0.11700865117245318;0.1416075320440464
2016;0.15601136452260048;0.1418978329483176;0.1709219882141454
