Year;Pred;Lower95;Upper95
2012;0.046575983415351116;0.041929300507049794;0.05162091131079016
2013;0.10452725584570992;0.09457563357420962;0.11521739728387526
2014;0.16283572175681482;0.14742013908255114;0.17923422144070478
2015;0.20810460249249654;0.18907551512171128;0.2282663219285811
2016;0.24908485992466028;0.22695195415947156;0.2724014601738004
