Year;Pred;Lower95;Upper95
2012;0.11467404132455489;0.10474927587261895;0.1250010105741055
2013;0.2494996800517342;0.2291553211068792;0.2702058128383992
2014;0.37237907579641955;0.34379409173752506;0.40128715314284524
2015;0.45676796819080173;0.42444782613207444;0.48903178817213466
2016;0.5264568756860163;0.49212239217745657;0.5605772199360073
