Year;Pred;Lower95;Upper95
2006;0.0337587486980817;0.030409497497902227;0.03730428639146843
2007;0.07111032527520308;0.06429519314768428;0.07832098247221975
2008;0.10127429080680278;0.09171808751558908;0.11131043372766436
2009;0.13102495193444869;0.11881538603878994;0.14381372869333187
2010;0.16593685651706672;0.15084034923987022;0.18177239308190063
