Year;Pred;Lower95;Upper95
2006;0.06705662869673669;0.05965416181194183;0.075056393615901
2007;0.13677518520131998;0.12305910343457005;0.15152782481806792
2008;0.19130891544929757;0.17209884112889118;0.21190854118373725
2009;0.24657771665106926;0.22263637110045686;0.2720913563625542
2010;0.3051138688312831;0.27742334137435776;0.33453124277892976
