Year;Pred;Lower95;Upper95
2012;0.08571677601609436;0.07789273750855552;0.09412248366197185
2013;0.1990831727898993;0.18349309139754777;0.21568717296593776
2014;0.38594756016810167;0.35564336036399147;0.4169157874406567
2015;0.5154312513621628;0.47765465110449146;0.5538752344254297
2016;0.6076809062297859;0.5672835431329961;0.647980361637555
