Year;Pred;Lower95;Upper95
2012;0.029939466107568837;0.026757744917759396;0.03333273000119574
2013;0.06480866739259628;0.0585729261553265;0.07146124507004614
2014;0.1000659373069358;0.09038354557188111;0.11049795172506338
2015;0.12991125537409295;0.11761587428241149;0.14300807951594807
2016;0.1579099317249538;0.1432921373894953;0.1733645297892371
