Year;Pred;Lower95;Upper95
2012;0.03966921805066917;0.03402344553602754;0.0459260592406916
2013;0.08344735114956679;0.07193239909034743;0.09602814955494476
2014;0.1340693897409206;0.1160608892663616;0.15320412082257673
2015;0.19183136139411866;0.1666086848864764;0.21836688107722446
2016;0.25813929447906725;0.22423279340070257;0.29326105026497395
