Year;Pred;Lower95;Upper95
2012;0.04846686410578771;0.04349401828203159;0.053837778647927825
2013;0.10853446862023167;0.09782130672625555;0.12007190808036017
2014;0.1687896239278111;0.15226190959301222;0.18636617990890025
2015;0.21550835200003904;0.19510065995162418;0.23708257144527378
2016;0.25771836630175493;0.23418322233243027;0.2826665574926105
