Year;Pred;Lower95;Upper95
2012;0.04012980676701974;0.03446788411213786;0.046535161273067005
2013;0.08504089044634587;0.07354104621762925;0.09797182285732253
2014;0.1379518302530558;0.11991535246408813;0.15798707214578644
2015;0.19934340739287743;0.1739005599043585;0.22755791322323338
2016;0.2709707798782606;0.23610011375905238;0.3096392695064635
