Year;Pred;Lower95;Upper95
2006;0.028490723511781717;0.025498220685327366;0.03175023444565783
2007;0.05933133686117437;0.05359978039285196;0.06556672669219066
2008;0.08459562933797363;0.07623766774718199;0.09373716661913245
2009;0.11118655636793429;0.10034371715609891;0.1230146597031988
2010;0.1405314668481188;0.1274653465700809;0.15468461436105374
