Year;Pred;Lower95;Upper95
2006;0.031869497443679846;0.028689336746240524;0.03528844968394007
2007;0.06712956333601167;0.06063263086022086;0.07409838197813057
2008;0.09574398837248535;0.08664706115710252;0.1054155179162728
2009;0.12401084944553892;0.11240592532514648;0.13646419277597932
2010;0.15715070789517846;0.14275878216759996;0.1724546796021923
