Year;Pred;Lower95;Upper95
2006;0.07507479696150911;0.06758311395179173;0.08331558301990472
2007;0.15432975557188572;0.1401275579145399;0.17000233931673792
2008;0.21543245526643864;0.19609042589678516;0.23644499937558383
2009;0.27318881676819395;0.24944845205529054;0.2987716336715469
2010;0.3378270776779882;0.3100990268829128;0.36785012185117405
