Ownership;Pred;Lower95;Upper95
Public;0.5429400991523664;0.5100604255903489;0.5757670792927643
Private;0.3871753697555771;0.3555081429566147;0.42012403712091484
