Intervention;Pred;Lower95;Upper95
true;0.5426245241349725;0.5102579990025478;0.5759190979036051
false;0.4232514412414312;0.3955299744326193;0.4520970122220448
