Year;Pred;Lower95;Upper95
2006;0.05440495097549533;0.04927497694168781;0.05994546943119383
2007;0.1185545394710457;0.10777706830214784;0.1303659926653794
2008;0.16355223714221676;0.14906983219423042;0.17917193606942694
2009;0.2076210899950093;0.1896779299741086;0.22670905107184836
2010;0.2648355697528478;0.24272175756045822;0.28849637245889903
