Year;Pred;Lower95;Upper95
2012;0.03641208006920788;0.031237195609158275;0.04208378588969386
2013;0.07744473910543238;0.06675667747039049;0.08886446356467947
2014;0.1262060688964412;0.10926984053992927;0.1441425892502648
2015;0.1833249793233077;0.15924772280707;0.20888137331816958
2016;0.2507115434283221;0.21776067364485308;0.2857438172829353
