Year;Pred;Lower95;Upper95
2006;0.058728229326367266;0.05292427931544752;0.06511872122955298
2007;0.1221970769404896;0.11062217842925237;0.13463802277248493
2008;0.17173586729967286;0.15612954401920676;0.1887638563700682
2009;0.21940207788945942;0.1999175946640558;0.2404964907890258
2010;0.2741332537962252;0.25067996611959875;0.29926527788999646
