Year;Pred;Lower95;Upper95
2012;0.04231255178963366;0.03764891056198494;0.047359282524484736
2013;0.09092574694419218;0.08162913065725885;0.1006237225494021
2014;0.13930953557315226;0.12531296715322882;0.15425026106979578
2015;0.17962831011648905;0.16216259830972013;0.19822024098377966
2016;0.21691979934848432;0.19634608692787392;0.23854660039179398
