Year;Pred;Lower95;Upper95
2012;0.09297005096318238;0.08226332879116438;0.10472563743311292
2013;0.20487777228473492;0.18767317819631024;0.22305757604789733
2014;0.3655559827613511;0.3351748275912796;0.39818176588194054
2015;0.48380735557829757;0.4423160646103016;0.5271893346839077
2016;0.5725536652278658;0.5266389521618627;0.6196692319099306
