Year;Pred;Lower95;Upper95
2006;0.09910472657484218;0.09032145442761597;0.10860824953312131
2007;0.20302688792235987;0.18701179284314617;0.21998787238777107
2008;0.27675231067116557;0.25574402947742614;0.2993898167334679
2009;0.32756147189083357;0.3013385678577666;0.35531705431834704
2010;0.37841371265506535;0.34763126078703677;0.41109364701941986
