Year;Pred;Lower95;Upper95
2012;0.0973309707074239;0.08971195869899706;0.10546631326339218
2013;0.21234705088223124;0.1969333116432589;0.22839321063727513
2014;0.34144764795938487;0.3168437564669956;0.36686103310575024
2015;0.4330869819772985;0.40392296690451535;0.4630287486820275
2016;0.5034382045895064;0.47205614218398295;0.5351956347814398
