Year;Pred;Lower95;Upper95
2006;0.08780408565513646;0.07938181678485279;0.09654817429402607
2007;0.1949737960216773;0.1758702011974954;0.2149644885657228
2008;0.2547627233483694;0.23179560315985126;0.27827734082712285
2009;0.3004099662629086;0.2749921694772727;0.3262164407191871
2010;0.3467815691009113;0.31899257279251336;0.37478423882218004
