Year;Pred;Lower95;Upper95
2006;0.03662549273546002;0.0313819764398936;0.04264540089450031
2007;0.08767052797018957;0.07606092376641638;0.10070957735974095
2008;0.13522566503307365;0.11773200814068074;0.15481372836732
2009;0.16551545926116837;0.14451517250831492;0.18901695577097344
2010;0.1972321354122288;0.17260331368994852;0.2246073069600698
