Year;Pred;Lower95;Upper95
2006;0.06379960627072141;0.05890286256546651;0.06902882370937302
2007;0.1473881573235402;0.1385211074153715;0.1568262214287357
2008;0.22240233140593216;0.20969601519778758;0.23588838842510307
2009;0.27005467450276804;0.2550649818481526;0.285955014656023
2010;0.3182510540467852;0.3007723275040515;0.3364457408170136
