Year;Pred;Lower95;Upper95
2012;0.029927675938574233;0.026774848599150913;0.03332543912622388
2013;0.06480202942709308;0.058614793153974;0.07146070302911744
2014;0.1000688391611595;0.09034855484654047;0.11056544401722257
2015;0.1299113845453134;0.11759381190581586;0.14317246086462398
2016;0.1579051564602347;0.14335590082958238;0.17350326707337016
