Year;Pred;Lower95;Upper95
2006;0.028476136940729486;0.025499325272862472;0.03170932247613367
2007;0.05931411252774285;0.053605075261111024;0.06546131148491707
2008;0.08456026296728554;0.0762207574174576;0.09362454117601171
2009;0.11114060202607973;0.10032003009011081;0.12286533744986472
2010;0.14048851351562613;0.12745302212874654;0.15442641659571432
