Year;Pred;Lower95;Upper95
2006;0.023017126485597103;0.019762349874204665;0.026749453399673717
2007;0.05732405060177045;0.04999993560420002;0.06569169340653236
2008;0.08981645660311348;0.07845491841809982;0.10265535159938277
2009;0.10973359222793114;0.09604881771302831;0.12527871364760634
2010;0.13112213234725129;0.11481408121724546;0.14945109040355908
