Year;Pred;Lower95;Upper95
2012;0.06681017037418013;0.05947764321596938;0.07469984140254571
2013;0.14144703889260435;0.12723445152616786;0.15626435155825313
2014;0.21339210128759198;0.19241756782365704;0.23501515775835335
2015;0.27149505405565955;0.24592325430411877;0.2976922207386452
2016;0.32372521028278545;0.2945015886929323;0.3535702651475464
