Year;Pred;Lower95;Upper95
2012;0.10395869873058307;0.09571808349566191;0.11281280448584508
2013;0.22997001666848924;0.2135817347682072;0.24730996557548712
2014;0.3734103521850726;0.3472206595282714;0.4012672532662108
2015;0.47065115166758037;0.44007284880129727;0.5028613942812162
2016;0.5429237693821494;0.5107129558754004;0.5763865618300632
