Year;Pred;Lower95;Upper95
2006;0.13960908619653087;0.1279699848410889;0.15198107764350366
2007;0.28759411632381005;0.26516640782353784;0.3111273189177113
2008;0.38115800102934255;0.3537599129125095;0.40954398347883947
2009;0.4649022845809782;0.4340805554806182;0.4965183866605902
2010;0.5624218421376387;0.528485998532571;0.5968605857725898
