Year;Pred;Lower95;Upper95
2012;0.07841777946641515;0.0714351521252643;0.08601260114328624
2013;0.18635462082251436;0.17221402080041892;0.2018435933665098
2014;0.3755589336870548;0.3473373671707446;0.40491101990922784
2015;0.5057228352045074;0.4699166078967232;0.5419471367548376
2016;0.5979575964990426;0.5596647803115302;0.6361102495519381
