Year;Pred;Lower95;Upper95
2012;0.04525815608413267;0.04037590046613426;0.050673349591607075
2013;0.09635574350383203;0.08675679149472737;0.1065455834677842
2014;0.14661222392569578;0.13252496023544957;0.161688337663924
2015;0.18807690923967826;0.17040399353753977;0.20669520848738943
2016;0.22572026600043715;0.2049685945251416;0.24749772046085905
