Year;Pred;Lower95;Upper95
2006;0.12596705385583737;0.11605345599124162;0.13627811397070766
2007;0.2737376097443577;0.25151576856325153;0.29677272668782506
2008;0.3508988017575309;0.32594544715294727;0.3769201667516723
2009;0.4075460336761203;0.3810673194309202;0.4345579815553594
2010;0.46359346426227116;0.43542359037172607;0.49203589961340477
