Year;Pred;Lower95;Upper95
2006;0.12426116563443303;0.1144046180044418;0.1347137245303246
2007;0.26435935287724766;0.2429103131861171;0.2871961561739802
2008;0.3433637119476208;0.31846061285999894;0.36907732919223324
2009;0.4029629488478415;0.3765544078505396;0.4302606464250406
2010;0.4610203328488882;0.4328752307759508;0.4900931591887391
