Year;Pred;Lower95;Upper95
2012;0.03198540440074119;0.028624585841183547;0.03558999475106994
2013;0.06864911875627505;0.062212093180475714;0.07549875571178666
2014;0.10532002642760918;0.09552014677358633;0.1156640581136068
2015;0.13606360863208444;0.12375621169131967;0.14914434384120745
2016;0.16438301307739675;0.14976393452106174;0.17983419314796878
