Year;Pred;Lower95;Upper95
2006;0.03601500696732195;0.030702101415201466;0.04192175864684644
2007;0.08838528202527826;0.07666514556461901;0.10131948521461887
2008;0.13701727026072974;0.11930233173127736;0.15661538425343813
2009;0.16659279163043314;0.1453626481397342;0.18977407620479103
2010;0.19787479872015662;0.1729190457604537;0.22483365518420406
