Year;Pred;Lower95;Upper95
2006;0.04763470972574027;0.04275746055214624;0.05298131905325476
2007;0.09953332848169906;0.08968118150466353;0.11020082425952493
2008;0.14079790538086126;0.1271565121049829;0.15543248303443513
2009;0.18092875820782267;0.1638099670867481;0.19926000548348277
2010;0.22729739304981533;0.20647994745117548;0.24964044694060594
