Year;Pred;Lower95;Upper95
2012;0.0448855444200454;0.04090569912054964;0.04912287419182837
2013;0.10348356808601612;0.09469369665497862;0.11282560441625944
2014;0.17737040172650734;0.16144983351419273;0.1941379867796993
2015;0.2333291345676086;0.2128630244562919;0.25470009324733
2016;0.2789643196725912;0.2555749359872842;0.3033532333987139
