Year;Pred;Lower95;Upper95
2012;0.05566476842300297;0.04932931507862537;0.06264494688093847
2013;0.12569619524683875;0.11522174049984535;0.13687117836899043
2014;0.23336017442049276;0.21232298528690463;0.25585687695643156
2015;0.3202302993233546;0.2888288121578104;0.3535324280673098
2016;0.39111883892646265;0.35351651819582397;0.43043631771140356
