Year;Pred;Lower95;Upper95
2012;0.04712343649482879;0.04294814259341684;0.05163998336477771
2013;0.10854090524600972;0.09934374032965088;0.1182826379893096
2014;0.1857622756595259;0.16928748047399567;0.20312383052396266
2015;0.24396183051771322;0.22279572308300755;0.26599004513135105
2016;0.2912368785199989;0.26722375952149424;0.3162068639229898
