Year;Pred;Lower95;Upper95
2006;0.09985313465221511;0.09176830368625344;0.10827701589339989
2007;0.21076133822833565;0.19488787909722327;0.22731817259942444
2008;0.28238705051174584;0.26210824386591336;0.3033371763691135
2009;0.32671961968601754;0.30349594782341105;0.3505914309022844
2010;0.3728643880125431;0.3469250510020042;0.3996692251427397
