Year;Pred;Lower95;Upper95
2006;0.07070385302584001;0.06481199416568373;0.07694392983580334
2007;0.14738604887527357;0.1364875424892653;0.15883653710988188
2008;0.20360907522338156;0.18857254685439517;0.2194026083623034
2009;0.2433613409882471;0.22408206935849417;0.2636821309211842
2010;0.2840563003881931;0.2608373538549439;0.3089503382749059
