Year;Pred;Lower95;Upper95
2006;0.06616011640448449;0.06055125267614059;0.07212878657062882
2007;0.13796455269178076;0.12751543124898357;0.1493014128557022
2008;0.19125827252001293;0.17692144194082693;0.20644677581241022
2009;0.22940339328561274;0.210777821024294;0.2490687963231687
2010;0.2684836102013268;0.24613883179920226;0.29246089207336357
