Year;Pred;Lower95;Upper95
2012;0.04140944776201588;0.03558715816264657;0.04787127260520474
2013;0.08651376043223273;0.07472092795063123;0.09957667997239783
2014;0.13778845080703483;0.11964489795350208;0.15790360091485234
2015;0.19535982039753025;0.1700398882136488;0.2230883405195616
2016;0.26036246819081454;0.22679810120554167;0.296593610014105
