Year;Pred;Lower95;Upper95
2006;0.03003736781520289;0.02690571677527487;0.033403194886526544
2007;0.06255449219087061;0.05648037718008514;0.06900860523296504
2008;0.08907424889803761;0.08031216076022674;0.09843396114811287
2009;0.11697969377784244;0.10562367360419045;0.12906874614700403
2010;0.14778528316672704;0.13408703050401793;0.1623880363314517
