Year;Pred;Lower95;Upper95
2012;0.04709819853307506;0.04293899512093202;0.05164704899307926
2013;0.10850626326786074;0.09931797664205899;0.11832151104465316
2014;0.18574345596383118;0.16954306784744344;0.20308456856178558
2015;0.2439407057158836;0.22323220662669563;0.2659284295758778
2016;0.2912068131889343;0.2676398448567193;0.3160818064587183
