Year;Pred;Lower95;Upper95
2012;0.13001997792057857;0.11455872016694357;0.14631232662680416
2013;0.27955517769618726;0.2553926223763747;0.3042196107452434
2014;0.47954336036836426;0.4404209904850639;0.5210676123690469
2015;0.6131027163112952;0.5651494053897708;0.6625917367474403
2016;0.7048881144853857;0.6560952475222688;0.7541248247340223
