Year;Pred;Lower95;Upper95
2006;0.07067201810482969;0.0647383390709464;0.07686681264802553
2007;0.1472941062000261;0.13635988664123178;0.15892411142626106
2008;0.20350765188637682;0.18842877739895214;0.21928813117056745
2009;0.2432816468634807;0.22400815235905625;0.26360712460033064
2010;0.28399034846882876;0.26057613872186514;0.3083926883710727
