Year;Pred;Lower95;Upper95
2006;0.022023671296433078;0.01874571681181192;0.025594548632641878
2007;0.054760802580300846;0.04745749311289715;0.06281675393629316
2008;0.0858242821867004;0.07465629223135062;0.0981809862988795
2009;0.10497426463609762;0.09130488381704882;0.11993064649626739
2010;0.12554126240414623;0.10924217945888104;0.14323047864716631
