Year;Pred;Lower95;Upper95
2012;0.050431235786943245;0.04495848712037709;0.05634511827710853
2013;0.10781969165522487;0.09740601049188546;0.11906184774600048
2014;0.1643364997667616;0.14858773787930668;0.1811317518186235
2015;0.2109641218683104;0.19142301884160406;0.23163420433190862
2016;0.253692192946678;0.23090332491111099;0.2776480173201441
