Year;Pred;Lower95;Upper95
2006;0.03787446507706619;0.0324269013864823;0.044002454814276226
2007;0.0891379903364011;0.07720451489309232;0.10218758863067234
2008;0.13693937337660972;0.11908051817975118;0.15632195257951342
2009;0.16830420128506318;0.1467432670188269;0.19166147100997888
2010;0.2008981294213891;0.1755925673750648;0.22831324809047526
