Year;Pred;Lower95;Upper95
2012;0.04428519752942071;0.03997616897487888;0.04883059563044456
2013;0.1012396380439257;0.09174333648716615;0.11131573029039032
2014;0.1590737773883507;0.14424647814574332;0.17477683203253613
2015;0.20306469303648209;0.18476414178374356;0.22235078609350156
2016;0.24276196475970183;0.22159931786885756;0.26501811998371994
