Year;Pred;Lower95;Upper95
2006;0.048834839673926454;0.04372673045249875;0.054325138349053614
2007;0.10330551455962653;0.09287210024969417;0.11434213537259241
2008;0.14342639209762478;0.12924147989198298;0.15848286907838383
2009;0.1864684358549023;0.16847614474670247;0.20548530469181647
2010;0.23580789087577791;0.2138091068452087;0.2589417182752344
