Year;Pred;Lower95;Upper95
2012;0.08349967973276166;0.07615379739404082;0.09134385536241207
2013;0.1938788644115591;0.179454070150175;0.20911191917997507
2014;0.3758507593904225;0.3480026966230698;0.4050811032703978
2015;0.5032628576152067;0.4678863354300733;0.5398818484158249
2016;0.5948679090667492;0.5568848123702812;0.6336285977089038
