Year;Pred;Lower95;Upper95
2006;0.11560415656676662;0.10585151398474058;0.12602387183009955
2007;0.2369976942627237;0.21858565745635594;0.25699535683524743
2008;0.3171976655493603;0.2939192000677514;0.34194015319027415
2009;0.3985867904913843;0.3711363091004449;0.42748200807891423
2010;0.4863482947490125;0.4553507046807721;0.5189847435591362
