Year;Pred;Lower95;Upper95
2006;0.022023417551951488;0.018853740740614522;0.025675944755116475
2007;0.054764926459796054;0.047495996259246276;0.06289850971677169
2008;0.08583225092951877;0.0746868532109436;0.09825026663444236
2009;0.1049815902579537;0.09130495069059408;0.12007238958242461
2010;0.12554863108646613;0.10926170004466806;0.14341196213371088
