Year;Pred;Lower95;Upper95
2012;0.0402993069063277;0.034599753956143786;0.04649925996591031
2013;0.0846932837141375;0.0731851134355811;0.09717391675506037
2014;0.13591126027356892;0.11805727851572445;0.15520697719828203
2015;0.19421856498127804;0.16908660815805632;0.2211840336499783
2016;0.26098403843701296;0.2275336931321753;0.29716798608958495
