Year;Pred;Lower95;Upper95
2006;0.0284832113735122;0.025496547649879076;0.03165648330465687
2007;0.05932895566043133;0.053595915481830625;0.0654813394187691
2008;0.08458071525510884;0.07617128964949116;0.09348224264951821
2009;0.11116713025162242;0.10026160227118597;0.12268865393199513
2010;0.14052180779460538;0.12737121012295238;0.1544177517737647
