Year;Pred;Lower95;Upper95
2006;0.09986963103601282;0.09188260450757979;0.10843678304746118
2007;0.2107494044637007;0.19504572687127097;0.2274286370984573
2008;0.28240100729772466;0.26236713637136233;0.3035985171773543
2009;0.3267812082578317;0.3039543242536308;0.35082808547722555
2010;0.3729629472951589;0.3474500413199131;0.39978643333388064
