Year;Pred;Lower95;Upper95
2012;0.09471869897047037;0.08716483150007204;0.10287404965696634
2013;0.20884220745331236;0.19328994193545235;0.2254381870869746
2014;0.33910194305985514;0.31433043326782584;0.36525663895724614
2015;0.43058075173834415;0.4010452586886367;0.4612945654116919
2016;0.5003818922044122;0.46878583894139725;0.5331062453033384
