"var1","var2","var3","var4"
0.00061332129654748,-1.28788273284564e-05,-2.38157863855216e-05,2.33123734440383e-07
-1.28788273284564e-05,6.9666098094808e-07,3.3022497714141e-07,-4.12447004624523e-10
-2.38157863855216e-05,3.3022497714141e-07,1.4627959633108e-06,-1.8952146523565e-08
2.33123734440383e-07,-4.12447004624523e-10,-1.8952146523565e-08,2.97322413139815e-10
